{
  "slide-converter": {
    "_global": {
      "output_dir": "/home/meta/matejg/Data/camelyon16/cam16_mrxs",
      "tile_size": 512,
      "center_size": 256,
      "step_size": 128,
      "sample_level": 3,
      "bg_level": 5,
      "force": false,
      "include_keywords": ["_0", "Tumor"],
      "exclude_keywords": ["_1"],
      "min_tissue": 0.50,
      "max_tissue": 1.00,
      "disk_size": 10,
      "negative_mode": false,
      "strict_mode": false,
      "max_workers": 1,
      "pattern": "*.tif"
    },
    "test": [
      {
        "slide_dir": "/home/meta/matejg/Data/camelyon16/cam16_mrxs/test",
        "label_dir": "/home/meta/matejg/Data/camelyon16/cam16_mrxs/test"
      }
    ],
    "train": [
      {
        "slide_dir": "/home/meta/matejg/Data/camelyon16/cam16_mrxs/train_pos",
        "label_dir": "/home/meta/matejg/Data/camelyon16/cam16_mrxs/train_pos"
      },
      {
        "slide_dir": "/home/meta/matejg/Data/camelyon16/cam16_mrxs/train_neg",
        "label_dir": null,
        "negative_mode": true
      }
    ]
  }
}
